[  
  {
    "name": "${APP_NAME}",
    "image": "905418253962.dkr.ecr.us-east-1.amazonaws.com/my-ecr:latest",
    "essential":true,
    "portMappings": [
      {
        "containerPort": ${CONTAINER_PORT},
        "hostPort": ${CONTAINER_PORT}
      }
    ],
    "logConfiguration": {
      "logDriver": "awslogs",
      "options": {
        "awslogs-region": "${REGION}",
        "awslogs-stream-prefix": "app-logstream",
        "awslogs-group": "${LOG_GROUP}"
      }
    }
  }
]